isic_id,target
ISIC_0015657,0.0008924290651081055
ISIC_0015729,0.0005304579693972995
ISIC_0015740,0.0018925123742121928
