isic_id,target
ISIC_0015657,0.00024361938793567175
ISIC_0015729,0.00014701146696838855
ISIC_0015740,0.0005146241434354888
