isic_id,target
ISIC_0015657,0.0006820220816588834
ISIC_0015729,0.000475350893441573
ISIC_0015740,0.0012898158295747485
