isic_id,target
ISIC_0015657,0.0012901408218152204
ISIC_0015729,0.000880063685116669
ISIC_0015740,0.0027687285314028642
